﻿<xml xmlns="https://blockscad3d.com"><version num="1.11.0"></version><color rgba="238,60,60"></color><block type="union" id="bT?45O4!iNPXnp6Ei4U:" x="-563" y="13"><mutation plus="1"></mutation><statement name="A"><block type="controls_for" id="okQJw%?L9b;C#fOM1bbf"><field name="VAR">i</field><field name="HULL">FALSE</field><value name="FROM"><shadow type="math_number" id="3Q`CG0UDwORgwpeti%%T"><field name="NUM">1</field></shadow></value><value name="TO"><shadow type="math_number" id="(Q;5XBvA?c}mu#Tg:pk{"><field name="NUM">6</field></shadow></value><value name="BY"><shadow type="math_number" id="1-g||5kV1q1-Z/Vu6t_4"><field name="NUM">1</field></shadow></value><statement name="DO"><block type="simplerotate" id="8y?8lS4%qaX%_9sm{#2P"><value name="XVAL"><shadow type="math_angle" id="t]!`cca_p2@9SM)s:[El"><field name="NUM">0</field></shadow></value><value name="YVAL"><shadow type="math_angle" id="VcQ{+6cETBEP@[EQZ3ob"><field name="NUM">0</field></shadow></value><value name="ZVAL"><shadow xmlns="http://blockscad.einsteinsworkshop.com" type="math_angle" id="NFfwTr2(SDU1YiOeq]AU"><field name="NUM">60</field></shadow><block type="math_arithmetic" id="A:xuEY1TcKFz{{*uv.-)"><field name="OP">MULTIPLY</field><value name="A"><shadow type="math_number" id=";+GFs@%HREhC%CEL/@O1"><field name="NUM">60</field></shadow></value><value name="B"><shadow xmlns="http://blockscad.einsteinsworkshop.com" type="math_number" id="?iLXX3Ky,2,o3cEqeh5K"><field name="NUM">1</field></shadow><block type="variables_get" id="jOo?9X^}(i|j@}#?wJQ)"><field name="VAR">i</field></block></value></block></value><statement name="A"><block type="translate" id="UO[GqO1/[1oegsvZ-]?X"><value name="XVAL"><shadow type="math_number" id="^AyUa(o`C1V@DLl2Eql?"><field name="NUM">5</field></shadow></value><value name="YVAL"><shadow type="math_number" id="MT9Ot%)pJypAqd#+ot~r"><field name="NUM">5</field></shadow></value><value name="ZVAL"><shadow type="math_number" id="`9@uJ(`bbJ9MlfXH,^[r"><field name="NUM">0</field></shadow></value><statement name="A"><block type="difference" id="VP!w)gsawl8[N??y{#M}"><statement name="A"><block type="cylinder" id="3~au,|bu]Zyrt7sOhwNp"><field name="LOCKED">TRUE</field><field name="CENTERDROPDOWN">false</field><value name="RAD1"><shadow type="math_number" id=",#@I!2G3:n|@P.Wo4YLa"><field name="NUM">12</field></shadow></value><value name="RAD2"><shadow type="math_number" id="Vc7R:c`Z]W4nZ2^C(@vX"><field name="NUM">12</field></shadow></value><value name="HEIGHT"><shadow type="math_number" id="dHh/NDw3]UqL4q;v6DUT"><field name="NUM">2</field></shadow></value></block></statement><statement name="MINUS0"><block type="cylinder" id="wEW97V,/SblprWf{{l7/"><field name="LOCKED">TRUE</field><field name="CENTERDROPDOWN">false</field><value name="RAD1"><shadow type="math_number" id="5re[8^!R]be)*].ZhrKz"><field name="NUM">11</field></shadow></value><value name="RAD2"><shadow type="math_number" id="yGNkd4ke8{3Se:#r]L^^"><field name="NUM">11</field></shadow></value><value name="HEIGHT"><shadow type="math_number" id="t:5~=*Lpoz3u+tD)@)[@"><field name="NUM">2</field></shadow></value></block></statement></block></statement></block></statement></block></statement></block></statement><statement name="PLUS0"><block type="difference" id="C]rw*JvBRol-MpnPo]7U"><statement name="A"><block type="cylinder" id="NQ-q~)mO6ZAr.K0t_:Q|"><field name="LOCKED">TRUE</field><field name="CENTERDROPDOWN">false</field><value name="RAD1"><shadow type="math_number" id="v[zxPXX@;T5`QI={ibLy"><field name="NUM">20</field></shadow></value><value name="RAD2"><shadow type="math_number" id="pM6@*Vvfce=JwZPR]sfo"><field name="NUM">20</field></shadow></value><value name="HEIGHT"><shadow type="math_number" id="0,Lf28PnWRCN.;wJwd--"><field name="NUM">2</field></shadow></value></block></statement><statement name="MINUS0"><block type="cylinder" id="h;F|Y,#M-F/r4+;`4~`B"><field name="LOCKED">TRUE</field><field name="CENTERDROPDOWN">false</field><value name="RAD1"><shadow type="math_number" id=",o,RM/0;MkOJw%gi.qcZ"><field name="NUM">19</field></shadow></value><value name="RAD2"><shadow type="math_number" id="-(/_Abb,:TN4_wEjWIl!"><field name="NUM">19</field></shadow></value><value name="HEIGHT"><shadow type="math_number" id="W_*o?z35,Yi9!jkYsd?H"><field name="NUM">2</field></shadow></value></block></statement></block></statement><statement name="PLUS1"><block type="translate" id="M-lylL2%lew=fEpPVLBs"><value name="XVAL"><shadow type="math_number" id="oQZs`i+_:X1-B2zjT:Eb"><field name="NUM">21</field></shadow></value><value name="YVAL"><shadow type="math_number" id="jQ|y;om]FsfbfzaH5Ku="><field name="NUM">5</field></shadow></value><value name="ZVAL"><shadow type="math_number" id="rHrH:YgO4#j+N934*0`}"><field name="NUM">0</field></shadow></value><statement name="A"><block type="difference" id="s1T]Lqifl7(}gd0L0eXS"><statement name="A"><block type="cylinder" id="2pm6QbhZ-1`rRW%j[Fvu"><field name="LOCKED">TRUE</field><field name="CENTERDROPDOWN">false</field><value name="RAD1"><shadow type="math_number" id="Au2@wkx(/u%+;wx@phdS"><field name="NUM">2.5</field></shadow></value><value name="RAD2"><shadow type="math_number" id=";%1TSX-I)jn-+b0mRWF/"><field name="NUM">2.5</field></shadow></value><value name="HEIGHT"><shadow type="math_number" id="Gc#}{?z2YMHRw?l85JTp"><field name="NUM">2</field></shadow></value></block></statement><statement name="MINUS0"><block type="cylinder" id="DpM3Ui0)J?1SSKVhcy*I"><field name="LOCKED">TRUE</field><field name="CENTERDROPDOWN">false</field><value name="RAD1"><shadow type="math_number" id="0BS-H1M_/sn5Vk,(|ORO"><field name="NUM">1</field></shadow></value><value name="RAD2"><shadow type="math_number" id="JiSo-joKVMuQ=_O%m]yg"><field name="NUM">1</field></shadow></value><value name="HEIGHT"><shadow type="math_number" id="{(0hNgr~uE%algRdZ{wE"><field name="NUM">2</field></shadow></value></block></statement></block></statement></block></statement></block></xml>